<Objs Version="1.1.0.1" xmlns="http://schemas.microsoft.com/powershell/2004/04">
  <Obj RefId="0">
    <TN RefId="0">
      <T>Microsoft.PowerShell.Commands.PSRepositoryItemInfo</T>
      <T>System.Management.Automation.PSCustomObject</T>
      <T>System.Object</T>
    </TN>
    <MS>
      <S N="Name">xPowerShellExecutionPolicy</S>
      <Version N="Version">3.1.0.0</Version>
      <S N="Type">Module</S>
      <S N="Description">This DSC resource can change the user preference for the Windows PowerShell execution policy. THIS MODULE HAS BEEN DEPRECATED_x000D__x000A_It will no longer be released. Please use the "PowerShellExecutionPolicy" resource in ComputerManagementDsc instead.</S>
      <S N="Author">OneScript Team</S>
      <S N="CompanyName">PowerShellTeam</S>
      <S N="Copyright">(c) 2014 Microsoft Corporation. All rights reserved.</S>
      <DT N="PublishedDate">2018-07-25T21:32:26+02:00</DT>
      <Obj N="InstalledDate" RefId="1">
        <DT>2021-09-21T15:37:13.5696902+02:00</DT>
        <MS>
          <Obj N="DisplayHint" RefId="2">
            <TN RefId="1">
              <T>Microsoft.PowerShell.Commands.DisplayHintType</T>
              <T>System.Enum</T>
              <T>System.ValueType</T>
              <T>System.Object</T>
            </TN>
            <ToString>DateTime</ToString>
            <I32>2</I32>
          </Obj>
        </MS>
      </Obj>
      <Nil N="UpdatedDate" />
      <URI N="LicenseUri">https://github.com/PowerShell/xPowerShellExecutionPolicy/blob/master/LICENSE</URI>
      <URI N="ProjectUri">https://github.com/PowerShell/xPowerShellExecutionPolicy</URI>
      <Nil N="IconUri" />
      <Obj N="Tags" RefId="3">
        <TN RefId="2">
          <T>System.Object[]</T>
          <T>System.Array</T>
          <T>System.Object</T>
        </TN>
        <LST>
          <S>DesiredStateConfiguration</S>
          <S>DSC</S>
          <S>DSCResourceKit</S>
          <S>DSCResource</S>
          <S>PSModule</S>
        </LST>
      </Obj>
      <Obj N="Includes" RefId="4">
        <TN RefId="3">
          <T>System.Collections.Hashtable</T>
          <T>System.Object</T>
        </TN>
        <DCT>
          <En>
            <S N="Key">Cmdlet</S>
            <Obj N="Value" RefId="5">
              <TNRef RefId="2" />
              <LST />
            </Obj>
          </En>
          <En>
            <S N="Key">DscResource</S>
            <Obj N="Value" RefId="6">
              <TNRef RefId="2" />
              <LST>
                <S>xPowerShellExecutionPolicy</S>
              </LST>
            </Obj>
          </En>
          <En>
            <S N="Key">Command</S>
            <Obj N="Value" RefId="7">
              <TNRef RefId="2" />
              <LST>
                <S>Get-TargetResource</S>
                <S>Test-TargetResource</S>
                <S>Set-TargetResource</S>
              </LST>
            </Obj>
          </En>
          <En>
            <S N="Key">RoleCapability</S>
            <Ref N="Value" RefId="5" />
          </En>
          <En>
            <S N="Key">Function</S>
            <Obj N="Value" RefId="8">
              <TNRef RefId="2" />
              <LST>
                <S>Get-TargetResource</S>
                <S>Test-TargetResource</S>
                <S>Set-TargetResource</S>
              </LST>
            </Obj>
          </En>
          <En>
            <S N="Key">Workflow</S>
            <Ref N="Value" RefId="5" />
          </En>
        </DCT>
      </Obj>
      <Nil N="PowerShellGetFormatVersion" />
      <S N="ReleaseNotes">* Deprecated this module. This resource module will no longer be released. Please use the PowerShellExecutionPolicy resource in ComputerManagementDsc instead.</S>
      <Obj N="Dependencies" RefId="9">
        <TNRef RefId="2" />
        <LST />
      </Obj>
      <S N="RepositorySourceLocation">https://www.powershellgallery.com/api/v2</S>
      <S N="Repository">PSGallery</S>
      <S N="PackageManagementProvider">NuGet</S>
      <Obj N="AdditionalMetadata" RefId="10">
        <TN RefId="4">
          <T>System.Management.Automation.PSCustomObject</T>
          <T>System.Object</T>
        </TN>
        <MS>
          <S N="copyright">(c) 2014 Microsoft Corporation. All rights reserved.</S>
          <S N="description">This DSC resource can change the user preference for the Windows PowerShell execution policy. THIS MODULE HAS BEEN DEPRECATED_x000D__x000A_It will no longer be released. Please use the "PowerShellExecutionPolicy" resource in ComputerManagementDsc instead.</S>
          <S N="requireLicenseAcceptance">True</S>
          <S N="releaseNotes">* Deprecated this module. This resource module will no longer be released. Please use the PowerShellExecutionPolicy resource in ComputerManagementDsc instead.</S>
          <S N="isLatestVersion">True</S>
          <S N="isAbsoluteLatestVersion">True</S>
          <S N="versionDownloadCount">2498195</S>
          <S N="downloadCount">22842408</S>
          <S N="packageSize">12962</S>
          <S N="published">25.07.2018 21:32:26 +02:00</S>
          <S N="created">25.07.2018 21:32:26 +02:00</S>
          <S N="lastUpdated">21.09.2021 08:16:09 +02:00</S>
          <S N="tags">DesiredStateConfiguration DSC DSCResourceKit DSCResource PSModule PSFunction_Get-TargetResource PSCommand_Get-TargetResource PSFunction_Test-TargetResource PSCommand_Test-TargetResource PSFunction_Set-TargetResource PSCommand_Set-TargetResource PSIncludes_Function PSDscResource_x005F_xPowerShellExecutionPolicy PSIncludes_DscResource</S>
          <S N="developmentDependency">False</S>
          <S N="updated">2021-09-21T08:16:09Z</S>
          <S N="NormalizedVersion">3.1.0</S>
          <S N="Authors">OneScript Team</S>
          <S N="IsPrerelease">false</S>
          <S N="ItemType">Module</S>
          <S N="FileList">xPowerShellExecutionPolicy.nuspec|LICENSE|README.md|xPowerShellExecutionPolicy.psd1|DSCResources\MSFT_x005F_xPowerShellExecutionPolicy\MSFT_x005F_xPowerShellExecutionPolicy.psm1|DSCResources\MSFT_x005F_xPowerShellExecutionPolicy\MSFT_x005F_xPowerShellExecutionPolicy.schema.mof|Examples\1-SetPowerShellExecutionPolicy.ps1|Examples\2-SetPowerShellExecutionPolicyWithoutScopeLevel.ps1|Tests\Integration\MSFT_x005F_xPowerShellExecutionPolicy.config.ps1|Tests\Integration\MSFT_x005F_xPowerShellExecutionPolicy.Integration.Tests.ps1|Tests\Unit\MSFT_x005F_xPowerShellExecutionpolicy.Tests.ps1</S>
          <S N="GUID">ee440155-d4cc-4ec8-9822-2a9bd7d8c82f</S>
          <S N="PowerShellVersion">4.0</S>
          <S N="CompanyName">Microsoft Corporation</S>
        </MS>
      </Obj>
      <S N="InstalledLocation">C:\Users\mmueller\OneDrive - IT sure GmbH\Dokumente\PowerShell\Modules\xPowerShellExecutionPolicy\3.1.0.0</S>
    </MS>
  </Obj>
</Objs>
